{"scrapes": 3, "scrapelist": [{"time": 1666374332.0989594, "temp": 49.14, "desc": "clear sky"}, {"time": 1666717320.8858545, "temp": 49.17, "desc": "overcast clouds"}, {"time": 1666717669.502285, "temp": 49.17, "desc": "overcast clouds"}]}